Course,Credentials,Link
AUXILIARY NURSE & MIDWIFE / H.W. (FEMALE) (2 YEARS),REGISTRATION_CERTIFICATE,https://github.com/kumarpawantarento/templates/blob/main/registration-certificate-nursing.html
,,
BACHELOR OF SCIENCE - NURSING,REGISTRATION_CERTIFICATE,https://github.com/kumarpawantarento/templates/blob/main/registration-certificate-nursing.html
,,
DIPLOMA IN GENERAL NURSING & MIDWIFERY (3 YEARS),REGISTRATION_CERTIFICATE,https://github.com/kumarpawantarento/templates/blob/main/registration-certificate-nursing.html
,,
CERTIFICATE IN BABY NURSING & CHILD CARE(6 MONTHS),ENROLLMENT_REGISTRATION_CERTIFICATE,https://github.com/kumarpawantarento/templates/blob/main/registration-certificate.html
,,
DIPLOMA IN BLOOD TRANSFUSION TECHNICIAN(2 YEARS),ENROLLMENT_REGISTRATION_CERTIFICATE,https://github.com/kumarpawantarento/templates/blob/main/registration-certificate.html
,,
DIPLOMA IN CARDIOLOGY TECHNICIAN(2 YEARS),ENROLLMENT_REGISTRATION_CERTIFICATE,https://github.com/kumarpawantarento/templates/blob/main/registration-certificate.html
,,
CERTIFICATE IN EMERGENCY & TRAUMA CARE ASSISTANT(6 MONTHS),ENROLLMENT_REGISTRATION_CERTIFICATE,https://github.com/kumarpawantarento/templates/blob/main/registration-certificate.html
,,
DIPLOMA IN EMERGENCY & TRAUMA CARE TECHNICIAN(2 YEARS),ENROLLMENT_REGISTRATION_CERTIFICATE,https://github.com/kumarpawantarento/templates/blob/main/registration-certificate.html
,,
DIPLOMA IN OPTOMETRY(2 YEARS),ENROLLMENT_REGISTRATION_CERTIFICATE,https://github.com/kumarpawantarento/templates/blob/main/registration-certificate.html
,,
DIPLOMA IN O. T. TECHNICIAN(2 YEARS),ENROLLMENT_REGISTRATION_CERTIFICATE,https://github.com/kumarpawantarento/templates/blob/main/registration-certificate.html
,,
DIPLOMA IN SANITATION(1 YEAR),ENROLLMENT_REGISTRATION_CERTIFICATE,https://github.com/kumarpawantarento/templates/blob/main/registration-certificate.html
